<?xml version="1.0"?>
<Objects xmlns="odf.xsd">
  <Object>
    <id>K1</id>
    <InfoItem name="K1 Building">
      <MetaData>
        <InfoItem name="description">
          <value>Aalto University building of the Department of Engineering Design and Production</value>
        </InfoItem>
        <InfoItem name="address">
          <value>Otakaari 4, 02150, Espoo</value>
        </InfoItem>
        <InfoItem name="gps location">
          <value>60.1873168,24.826894</value>
        </InfoItem>
        <InfoItem name="location on map">
          <value>https://www.google.fi/maps/place/Konetekniikka+1,+Otakaari+4,+02150+Espoo/@60.1873168,24.826894,16z/data=!4m2!3m1!1s0x468df5ec8ae0237f:0x4214bb313b20bda9</value>
        </InfoItem>
        <InfoItem name="data_purpose">
          <value>Randomized, generated testing data</value>
        </InfoItem>
        <InfoItem name="data_update_interval">
          <description>How often the data updates in seconds</description>
          <value>10</value>
        </InfoItem>
      </MetaData>
      <value>2000</value>
    </InfoItem>
    <Object>
      <id>Room-101</id>
      <InfoItem name="temperature">
        <value>23.3</value>
      </InfoItem>
      <InfoItem name="co2">
        <value>800</value>
      </InfoItem>
      <InfoItem name="light">
        <value>500</value>
      </InfoItem>
      <InfoItem name="humidity">
        <value>50.8</value>
      </InfoItem>
      <InfoItem name="pir">
        <value>0</value>
      </InfoItem>
    </Object>
    <Object>
      <id>Room-102</id>
      <InfoItem name="temperature">
        <value>23.4</value>
      </InfoItem>
      <InfoItem name="co2">
        <value>800</value>
      </InfoItem>
      <InfoItem name="light">
        <value>500</value>
      </InfoItem>
      <InfoItem name="humidity">
        <value>50.6</value>
      </InfoItem>
      <InfoItem name="pir">
        <value>30</value>
      </InfoItem>
    </Object>
    <Object>
      <id>Room-103</id>
      <InfoItem name="temperature">
        <value>23.6</value>
      </InfoItem>
      <InfoItem name="co2">
        <value>800</value>
      </InfoItem>
      <InfoItem name="light">
        <value>500</value>
      </InfoItem>
      <InfoItem name="humidity">
        <value>50</value>
      </InfoItem>
      <InfoItem name="pir">
        <value>30</value>
      </InfoItem>
    </Object>
    <Object>
      <id>Room-104</id>
      <InfoItem name="temperature">
        <value>23.5</value>
      </InfoItem>
      <InfoItem name="co2">
        <value>800</value>
      </InfoItem>
      <InfoItem name="light">
        <value>500</value>
      </InfoItem>
      <InfoItem name="humidity">
        <value>50</value>
      </InfoItem>
      <InfoItem name="pir">
        <value>0</value>
      </InfoItem>
    </Object>
    <Object>
      <id>Room-105</id>
      <InfoItem name="temperature">
        <value>23.3</value>
      </InfoItem>
      <InfoItem name="co2">
        <value>800</value>
      </InfoItem>
      <InfoItem name="light">
        <value>500</value>
      </InfoItem>
      <InfoItem name="humidity">
        <value>50.4</value>
      </InfoItem>
      <InfoItem name="pir">
        <value>0</value>
      </InfoItem>
    </Object>
    <Object>
      <id>Room-106</id>
      <InfoItem name="temperature">
        <value>23.8</value>
      </InfoItem>
      <InfoItem name="co2">
        <value>800</value>
      </InfoItem>
      <InfoItem name="light">
        <value>500</value>
      </InfoItem>
      <InfoItem name="humidity">
        <value>50.1</value>
      </InfoItem>
      <InfoItem name="pir">
        <value>30</value>
      </InfoItem>
    </Object>
    <Object>
      <id>Room-107</id>
      <InfoItem name="temperature">
        <value>23.4</value>
      </InfoItem>
      <InfoItem name="co2">
        <value>800</value>
      </InfoItem>
      <InfoItem name="light">
        <value>500</value>
      </InfoItem>
      <InfoItem name="humidity">
        <value>50.6</value>
      </InfoItem>
      <InfoItem name="pir">
        <value>30</value>
      </InfoItem>
    </Object>
    <Object>
      <id>Room-108</id>
      <InfoItem name="temperature">
        <value>23.3</value>
      </InfoItem>
      <InfoItem name="co2">
        <value>800</value>
      </InfoItem>
      <InfoItem name="light">
        <value>500</value>
      </InfoItem>
      <InfoItem name="humidity">
        <value>50.4</value>
      </InfoItem>
      <InfoItem name="pir">
        <value>0</value>
      </InfoItem>
    </Object>
    <Object>
      <id>Room-109</id>
      <InfoItem name="temperature">
        <value>23.8</value>
      </InfoItem>
      <InfoItem name="co2">
        <value>800</value>
      </InfoItem>
      <InfoItem name="light">
        <value>500</value>
      </InfoItem>
      <InfoItem name="humidity">
        <value>50.9</value>
      </InfoItem>
      <InfoItem name="pir">
        <value>30</value>
      </InfoItem>
    </Object>
    <Object>
      <id>Room-110</id>
      <InfoItem name="temperature">
        <value>23</value>
      </InfoItem>
      <InfoItem name="co2">
        <value>800</value>
      </InfoItem>
      <InfoItem name="light">
        <value>500</value>
      </InfoItem>
      <InfoItem name="humidity">
        <value>50.3</value>
      </InfoItem>
      <InfoItem name="pir">
        <value>30</value>
      </InfoItem>
    </Object>
    <Object>
      <id>Room-111</id>
      <InfoItem name="temperature">
        <value>23</value>
      </InfoItem>
      <InfoItem name="co2">
        <value>800</value>
      </InfoItem>
      <InfoItem name="light">
        <value>500</value>
      </InfoItem>
      <InfoItem name="humidity">
        <value>50.4</value>
      </InfoItem>
      <InfoItem name="pir">
        <value>0</value>
      </InfoItem>
    </Object>
    <Object>
      <id>Room-112</id>
      <InfoItem name="temperature">
        <value>23.1</value>
      </InfoItem>
      <InfoItem name="co2">
        <value>800</value>
      </InfoItem>
      <InfoItem name="light">
        <value>500</value>
      </InfoItem>
      <InfoItem name="humidity">
        <value>50.6</value>
      </InfoItem>
      <InfoItem name="pir">
        <value>30</value>
      </InfoItem>
    </Object>
    <Object>
      <id>Room-113</id>
      <InfoItem name="temperature">
        <value>23.5</value>
      </InfoItem>
      <InfoItem name="co2">
        <value>800</value>
      </InfoItem>
      <InfoItem name="light">
        <value>500</value>
      </InfoItem>
      <InfoItem name="humidity">
        <value>50.2</value>
      </InfoItem>
      <InfoItem name="pir">
        <value>30</value>
      </InfoItem>
    </Object>
    <Object>
      <id>Room-114</id>
      <InfoItem name="temperature">
        <value>23.8</value>
      </InfoItem>
      <InfoItem name="co2">
        <value>800</value>
      </InfoItem>
      <InfoItem name="light">
        <value>500</value>
      </InfoItem>
      <InfoItem name="humidity">
        <value>50.2</value>
      </InfoItem>
      <InfoItem name="pir">
        <value>0</value>
      </InfoItem>
    </Object>
    <Object>
      <id>Room-115</id>
      <InfoItem name="temperature">
        <value>23.2</value>
      </InfoItem>
      <InfoItem name="co2">
        <value>800</value>
      </InfoItem>
      <InfoItem name="light">
        <value>500</value>
      </InfoItem>
      <InfoItem name="humidity">
        <value>50.2</value>
      </InfoItem>
      <InfoItem name="pir">
        <value>0</value>
      </InfoItem>
    </Object>
    <Object>
      <id>Room-116</id>
      <InfoItem name="temperature">
        <value>23.4</value>
      </InfoItem>
      <InfoItem name="co2">
        <value>800</value>
      </InfoItem>
      <InfoItem name="light">
        <value>500</value>
      </InfoItem>
      <InfoItem name="humidity">
        <value>50.3</value>
      </InfoItem>
      <InfoItem name="pir">
        <value>0</value>
      </InfoItem>
    </Object>
    <Object>
      <id>Room-117</id>
      <InfoItem name="temperature">
        <value>23.2</value>
      </InfoItem>
      <InfoItem name="co2">
        <value>800</value>
      </InfoItem>
      <InfoItem name="light">
        <value>500</value>
      </InfoItem>
      <InfoItem name="humidity">
        <value>50.9</value>
      </InfoItem>
      <InfoItem name="pir">
        <value>30</value>
      </InfoItem>
    </Object>
    <Object>
      <id>Room-118</id>
      <InfoItem name="temperature">
        <value>23.7</value>
      </InfoItem>
      <InfoItem name="co2">
        <value>800</value>
      </InfoItem>
      <InfoItem name="light">
        <value>500</value>
      </InfoItem>
      <InfoItem name="humidity">
        <value>50.5</value>
      </InfoItem>
      <InfoItem name="pir">
        <value>0</value>
      </InfoItem>
    </Object>
    <Object>
      <id>Room-119</id>
      <InfoItem name="temperature">
        <value>23.3</value>
      </InfoItem>
      <InfoItem name="co2">
        <value>800</value>
      </InfoItem>
      <InfoItem name="light">
        <value>500</value>
      </InfoItem>
      <InfoItem name="humidity">
        <value>50.6</value>
      </InfoItem>
      <InfoItem name="pir">
        <value>30</value>
      </InfoItem>
    </Object>
    <Object>
      <id>Room-120</id>
      <InfoItem name="temperature">
        <value>23</value>
      </InfoItem>
      <InfoItem name="co2">
        <value>800</value>
      </InfoItem>
      <InfoItem name="light">
        <value>500</value>
      </InfoItem>
      <InfoItem name="humidity">
        <value>50.9</value>
      </InfoItem>
      <InfoItem name="pir">
        <value>0</value>
      </InfoItem>
    </Object>
    <Object>
      <id>Room-121</id>
      <InfoItem name="temperature">
        <value>23</value>
      </InfoItem>
      <InfoItem name="co2">
        <value>800</value>
      </InfoItem>
      <InfoItem name="light">
        <value>500</value>
      </InfoItem>
      <InfoItem name="humidity">
        <value>50.9</value>
      </InfoItem>
      <InfoItem name="pir">
        <value>0</value>
      </InfoItem>
    </Object>
    <Object>
      <id>Room-122</id>
      <InfoItem name="temperature">
        <value>23.9</value>
      </InfoItem>
      <InfoItem name="co2">
        <value>800</value>
      </InfoItem>
      <InfoItem name="light">
        <value>500</value>
      </InfoItem>
      <InfoItem name="humidity">
        <value>50.1</value>
      </InfoItem>
      <InfoItem name="pir">
        <value>0</value>
      </InfoItem>
    </Object>
    <Object>
      <id>Room-123</id>
      <InfoItem name="temperature">
        <value>23.2</value>
      </InfoItem>
      <InfoItem name="co2">
        <value>800</value>
      </InfoItem>
      <InfoItem name="light">
        <value>500</value>
      </InfoItem>
      <InfoItem name="humidity">
        <value>50.4</value>
      </InfoItem>
      <InfoItem name="pir">
        <value>30</value>
      </InfoItem>
    </Object>
    <Object>
      <id>Room-124</id>
      <InfoItem name="temperature">
        <value>23.8</value>
      </InfoItem>
      <InfoItem name="co2">
        <value>800</value>
      </InfoItem>
      <InfoItem name="light">
        <value>500</value>
      </InfoItem>
      <InfoItem name="humidity">
        <value>50.8</value>
      </InfoItem>
      <InfoItem name="pir">
        <value>0</value>
      </InfoItem>
    </Object>
    <Object>
      <id>Room-125</id>
      <InfoItem name="temperature">
        <value>23.9</value>
      </InfoItem>
      <InfoItem name="co2">
        <value>800</value>
      </InfoItem>
      <InfoItem name="light">
        <value>500</value>
      </InfoItem>
      <InfoItem name="humidity">
        <value>50.5</value>
      </InfoItem>
      <InfoItem name="pir">
        <value>30</value>
      </InfoItem>
    </Object>
    <Object>
      <id>Room-126</id>
      <InfoItem name="temperature">
        <value>23.4</value>
      </InfoItem>
      <InfoItem name="co2">
        <value>800</value>
      </InfoItem>
      <InfoItem name="light">
        <value>500</value>
      </InfoItem>
      <InfoItem name="humidity">
        <value>50.2</value>
      </InfoItem>
      <InfoItem name="pir">
        <value>30</value>
      </InfoItem>
    </Object>
    <Object>
      <id>Room-127</id>
      <InfoItem name="temperature">
        <value>23.2</value>
      </InfoItem>
      <InfoItem name="co2">
        <value>800</value>
      </InfoItem>
      <InfoItem name="light">
        <value>500</value>
      </InfoItem>
      <InfoItem name="humidity">
        <value>50.7</value>
      </InfoItem>
      <InfoItem name="pir">
        <value>0</value>
      </InfoItem>
    </Object>
    <Object>
      <id>Room-128</id>
      <InfoItem name="temperature">
        <value>23</value>
      </InfoItem>
      <InfoItem name="co2">
        <value>800</value>
      </InfoItem>
      <InfoItem name="light">
        <value>500</value>
      </InfoItem>
      <InfoItem name="humidity">
        <value>50.4</value>
      </InfoItem>
      <InfoItem name="pir">
        <value>0</value>
      </InfoItem>
    </Object>
    <Object>
      <id>Room-129</id>
      <InfoItem name="temperature">
        <value>23.1</value>
      </InfoItem>
      <InfoItem name="co2">
        <value>800</value>
      </InfoItem>
      <InfoItem name="light">
        <value>500</value>
      </InfoItem>
      <InfoItem name="humidity">
        <value>50.8</value>
      </InfoItem>
      <InfoItem name="pir">
        <value>30</value>
      </InfoItem>
    </Object>
    <Object>
      <id>Room-130</id>
      <InfoItem name="temperature">
        <value>23.8</value>
      </InfoItem>
      <InfoItem name="co2">
        <value>800</value>
      </InfoItem>
      <InfoItem name="light">
        <value>500</value>
      </InfoItem>
      <InfoItem name="humidity">
        <value>50.7</value>
      </InfoItem>
      <InfoItem name="pir">
        <value>30</value>
      </InfoItem>
    </Object>
    <Object>
      <id>Room-131</id>
      <InfoItem name="temperature">
        <value>23.4</value>
      </InfoItem>
      <InfoItem name="co2">
        <value>800</value>
      </InfoItem>
      <InfoItem name="light">
        <value>500</value>
      </InfoItem>
      <InfoItem name="humidity">
        <value>50.9</value>
      </InfoItem>
      <InfoItem name="pir">
        <value>30</value>
      </InfoItem>
    </Object>
    <Object>
      <id>Room-132</id>
      <InfoItem name="temperature">
        <value>23.7</value>
      </InfoItem>
      <InfoItem name="co2">
        <value>800</value>
      </InfoItem>
      <InfoItem name="light">
        <value>500</value>
      </InfoItem>
      <InfoItem name="humidity">
        <value>50.9</value>
      </InfoItem>
      <InfoItem name="pir">
        <value>30</value>
      </InfoItem>
    </Object>
    <Object>
      <id>Room-133</id>
      <InfoItem name="temperature">
        <value>23.1</value>
      </InfoItem>
      <InfoItem name="co2">
        <value>800</value>
      </InfoItem>
      <InfoItem name="light">
        <value>500</value>
      </InfoItem>
      <InfoItem name="humidity">
        <value>50.9</value>
      </InfoItem>
      <InfoItem name="pir">
        <value>30</value>
      </InfoItem>
    </Object>
    <Object>
      <id>Room-134</id>
      <InfoItem name="temperature">
        <value>23.3</value>
      </InfoItem>
      <InfoItem name="co2">
        <value>800</value>
      </InfoItem>
      <InfoItem name="light">
        <value>500</value>
      </InfoItem>
      <InfoItem name="humidity">
        <value>50.3</value>
      </InfoItem>
      <InfoItem name="pir">
        <value>0</value>
      </InfoItem>
    </Object>
    <Object>
      <id>Room-135</id>
      <InfoItem name="temperature">
        <value>23.7</value>
      </InfoItem>
      <InfoItem name="co2">
        <value>800</value>
      </InfoItem>
      <InfoItem name="light">
        <value>500</value>
      </InfoItem>
      <InfoItem name="humidity">
        <value>50.6</value>
      </InfoItem>
      <InfoItem name="pir">
        <value>30</value>
      </InfoItem>
    </Object>
    <Object>
      <id>Room-136</id>
      <InfoItem name="temperature">
        <value>23.6</value>
      </InfoItem>
      <InfoItem name="co2">
        <value>800</value>
      </InfoItem>
      <InfoItem name="light">
        <value>500</value>
      </InfoItem>
      <InfoItem name="humidity">
        <value>50.7</value>
      </InfoItem>
      <InfoItem name="pir">
        <value>30</value>
      </InfoItem>
    </Object>
    <Object>
      <id>Room-137</id>
      <InfoItem name="temperature">
        <value>23.4</value>
      </InfoItem>
      <InfoItem name="co2">
        <value>800</value>
      </InfoItem>
      <InfoItem name="light">
        <value>500</value>
      </InfoItem>
      <InfoItem name="humidity">
        <value>50.7</value>
      </InfoItem>
      <InfoItem name="pir">
        <value>0</value>
      </InfoItem>
    </Object>
    <Object>
      <id>Room-138</id>
      <InfoItem name="temperature">
        <value>23</value>
      </InfoItem>
      <InfoItem name="co2">
        <value>800</value>
      </InfoItem>
      <InfoItem name="light">
        <value>500</value>
      </InfoItem>
      <InfoItem name="humidity">
        <value>50.4</value>
      </InfoItem>
      <InfoItem name="pir">
        <value>30</value>
      </InfoItem>
    </Object>
    <Object>
      <id>Room-139</id>
      <InfoItem name="temperature">
        <value>23.1</value>
      </InfoItem>
      <InfoItem name="co2">
        <value>800</value>
      </InfoItem>
      <InfoItem name="light">
        <value>500</value>
      </InfoItem>
      <InfoItem name="humidity">
        <value>50.3</value>
      </InfoItem>
      <InfoItem name="pir">
        <value>30</value>
      </InfoItem>
    </Object>
    <Object>
      <id>Room-140</id>
      <InfoItem name="temperature">
        <value>23.1</value>
      </InfoItem>
      <InfoItem name="co2">
        <value>800</value>
      </InfoItem>
      <InfoItem name="light">
        <value>500</value>
      </InfoItem>
      <InfoItem name="humidity">
        <value>50.5</value>
      </InfoItem>
      <InfoItem name="pir">
        <value>30</value>
      </InfoItem>
    </Object>
    <Object>
      <id>Room-141</id>
      <InfoItem name="temperature">
        <value>23</value>
      </InfoItem>
      <InfoItem name="co2">
        <value>800</value>
      </InfoItem>
      <InfoItem name="light">
        <value>500</value>
      </InfoItem>
      <InfoItem name="humidity">
        <value>50</value>
      </InfoItem>
      <InfoItem name="pir">
        <value>0</value>
      </InfoItem>
    </Object>
    <Object>
      <id>Room-142</id>
      <InfoItem name="temperature">
        <value>23.3</value>
      </InfoItem>
      <InfoItem name="co2">
        <value>800</value>
      </InfoItem>
      <InfoItem name="light">
        <value>500</value>
      </InfoItem>
      <InfoItem name="humidity">
        <value>50</value>
      </InfoItem>
      <InfoItem name="pir">
        <value>0</value>
      </InfoItem>
    </Object>
    <Object>
      <id>Room-143</id>
      <InfoItem name="temperature">
        <value>23.2</value>
      </InfoItem>
      <InfoItem name="co2">
        <value>800</value>
      </InfoItem>
      <InfoItem name="light">
        <value>500</value>
      </InfoItem>
      <InfoItem name="humidity">
        <value>50.2</value>
      </InfoItem>
      <InfoItem name="pir">
        <value>0</value>
      </InfoItem>
    </Object>
    <Object>
      <id>Room-144</id>
      <InfoItem name="temperature">
        <value>23.2</value>
      </InfoItem>
      <InfoItem name="co2">
        <value>800</value>
      </InfoItem>
      <InfoItem name="light">
        <value>500</value>
      </InfoItem>
      <InfoItem name="humidity">
        <value>50.6</value>
      </InfoItem>
      <InfoItem name="pir">
        <value>0</value>
      </InfoItem>
    </Object>
    <Object>
      <id>Room-145</id>
      <InfoItem name="temperature">
        <value>23.7</value>
      </InfoItem>
      <InfoItem name="co2">
        <value>800</value>
      </InfoItem>
      <InfoItem name="light">
        <value>500</value>
      </InfoItem>
      <InfoItem name="humidity">
        <value>50.4</value>
      </InfoItem>
      <InfoItem name="pir">
        <value>0</value>
      </InfoItem>
    </Object>
    <Object>
      <id>Room-146</id>
      <InfoItem name="temperature">
        <value>23.2</value>
      </InfoItem>
      <InfoItem name="co2">
        <value>800</value>
      </InfoItem>
      <InfoItem name="light">
        <value>500</value>
      </InfoItem>
      <InfoItem name="humidity">
        <value>50.7</value>
      </InfoItem>
      <InfoItem name="pir">
        <value>0</value>
      </InfoItem>
    </Object>
    <Object>
      <id>Room-147</id>
      <InfoItem name="temperature">
        <value>23.3</value>
      </InfoItem>
      <InfoItem name="co2">
        <value>800</value>
      </InfoItem>
      <InfoItem name="light">
        <value>500</value>
      </InfoItem>
      <InfoItem name="humidity">
        <value>50.9</value>
      </InfoItem>
      <InfoItem name="pir">
        <value>0</value>
      </InfoItem>
    </Object>
    <Object>
      <id>Room-148</id>
      <InfoItem name="temperature">
        <value>23.3</value>
      </InfoItem>
      <InfoItem name="co2">
        <value>800</value>
      </InfoItem>
      <InfoItem name="light">
        <value>500</value>
      </InfoItem>
      <InfoItem name="humidity">
        <value>50</value>
      </InfoItem>
      <InfoItem name="pir">
        <value>30</value>
      </InfoItem>
    </Object>
    <Object>
      <id>Room-149</id>
      <InfoItem name="temperature">
        <value>23.8</value>
      </InfoItem>
      <InfoItem name="co2">
        <value>800</value>
      </InfoItem>
      <InfoItem name="light">
        <value>500</value>
      </InfoItem>
      <InfoItem name="humidity">
        <value>50.1</value>
      </InfoItem>
      <InfoItem name="pir">
        <value>0</value>
      </InfoItem>
    </Object>
    <Object>
      <id>Room-150</id>
      <InfoItem name="temperature">
        <value>23.3</value>
      </InfoItem>
      <InfoItem name="co2">
        <value>800</value>
      </InfoItem>
      <InfoItem name="light">
        <value>500</value>
      </InfoItem>
      <InfoItem name="humidity">
        <value>50.1</value>
      </InfoItem>
      <InfoItem name="pir">
        <value>30</value>
      </InfoItem>
    </Object>
    <Object>
      <id>Room-151</id>
      <InfoItem name="temperature">
        <value>23.7</value>
      </InfoItem>
      <InfoItem name="co2">
        <value>800</value>
      </InfoItem>
      <InfoItem name="light">
        <value>500</value>
      </InfoItem>
      <InfoItem name="humidity">
        <value>50</value>
      </InfoItem>
      <InfoItem name="pir">
        <value>0</value>
      </InfoItem>
    </Object>
    <Object>
      <id>Room-152</id>
      <InfoItem name="temperature">
        <value>23.2</value>
      </InfoItem>
      <InfoItem name="co2">
        <value>800</value>
      </InfoItem>
      <InfoItem name="light">
        <value>500</value>
      </InfoItem>
      <InfoItem name="humidity">
        <value>50.8</value>
      </InfoItem>
      <InfoItem name="pir">
        <value>30</value>
      </InfoItem>
    </Object>
    <Object>
      <id>Room-153</id>
      <InfoItem name="temperature">
        <value>23.2</value>
      </InfoItem>
      <InfoItem name="co2">
        <value>800</value>
      </InfoItem>
      <InfoItem name="light">
        <value>500</value>
      </InfoItem>
      <InfoItem name="humidity">
        <value>50.6</value>
      </InfoItem>
      <InfoItem name="pir">
        <value>0</value>
      </InfoItem>
    </Object>
    <Object>
      <id>Room-154</id>
      <InfoItem name="temperature">
        <value>23.3</value>
      </InfoItem>
      <InfoItem name="co2">
        <value>800</value>
      </InfoItem>
      <InfoItem name="light">
        <value>500</value>
      </InfoItem>
      <InfoItem name="humidity">
        <value>50.4</value>
      </InfoItem>
      <InfoItem name="pir">
        <value>0</value>
      </InfoItem>
    </Object>
    <Object>
      <id>Room-155</id>
      <InfoItem name="temperature">
        <value>23.4</value>
      </InfoItem>
      <InfoItem name="co2">
        <value>800</value>
      </InfoItem>
      <InfoItem name="light">
        <value>500</value>
      </InfoItem>
      <InfoItem name="humidity">
        <value>50</value>
      </InfoItem>
      <InfoItem name="pir">
        <value>30</value>
      </InfoItem>
    </Object>
    <Object>
      <id>Room-156</id>
      <InfoItem name="temperature">
        <value>23.3</value>
      </InfoItem>
      <InfoItem name="co2">
        <value>800</value>
      </InfoItem>
      <InfoItem name="light">
        <value>500</value>
      </InfoItem>
      <InfoItem name="humidity">
        <value>50.6</value>
      </InfoItem>
      <InfoItem name="pir">
        <value>30</value>
      </InfoItem>
    </Object>
    <Object>
      <id>Room-157</id>
      <InfoItem name="temperature">
        <value>23.6</value>
      </InfoItem>
      <InfoItem name="co2">
        <value>800</value>
      </InfoItem>
      <InfoItem name="light">
        <value>500</value>
      </InfoItem>
      <InfoItem name="humidity">
        <value>50.8</value>
      </InfoItem>
      <InfoItem name="pir">
        <value>0</value>
      </InfoItem>
    </Object>
    <Object>
      <id>Room-158</id>
      <InfoItem name="temperature">
        <value>23.7</value>
      </InfoItem>
      <InfoItem name="co2">
        <value>800</value>
      </InfoItem>
      <InfoItem name="light">
        <value>500</value>
      </InfoItem>
      <InfoItem name="humidity">
        <value>50.6</value>
      </InfoItem>
      <InfoItem name="pir">
        <value>30</value>
      </InfoItem>
    </Object>
    <Object>
      <id>Room-159</id>
      <InfoItem name="temperature">
        <value>23.9</value>
      </InfoItem>
      <InfoItem name="co2">
        <value>800</value>
      </InfoItem>
      <InfoItem name="light">
        <value>500</value>
      </InfoItem>
      <InfoItem name="humidity">
        <value>50.3</value>
      </InfoItem>
      <InfoItem name="pir">
        <value>30</value>
      </InfoItem>
    </Object>
    <Object>
      <id>Room-160</id>
      <InfoItem name="temperature">
        <value>23.4</value>
      </InfoItem>
      <InfoItem name="co2">
        <value>800</value>
      </InfoItem>
      <InfoItem name="light">
        <value>500</value>
      </InfoItem>
      <InfoItem name="humidity">
        <value>50.9</value>
      </InfoItem>
      <InfoItem name="pir">
        <value>30</value>
      </InfoItem>
    </Object>
    <Object>
      <id>Room-161</id>
      <InfoItem name="temperature">
        <value>23.1</value>
      </InfoItem>
      <InfoItem name="co2">
        <value>800</value>
      </InfoItem>
      <InfoItem name="light">
        <value>500</value>
      </InfoItem>
      <InfoItem name="humidity">
        <value>50.5</value>
      </InfoItem>
      <InfoItem name="pir">
        <value>30</value>
      </InfoItem>
    </Object>
    <Object>
      <id>Room-162</id>
      <InfoItem name="temperature">
        <value>23.1</value>
      </InfoItem>
      <InfoItem name="co2">
        <value>800</value>
      </InfoItem>
      <InfoItem name="light">
        <value>500</value>
      </InfoItem>
      <InfoItem name="humidity">
        <value>50.6</value>
      </InfoItem>
      <InfoItem name="pir">
        <value>30</value>
      </InfoItem>
    </Object>
    <Object>
      <id>Room-163</id>
      <InfoItem name="temperature">
        <value>23.4</value>
      </InfoItem>
      <InfoItem name="co2">
        <value>800</value>
      </InfoItem>
      <InfoItem name="light">
        <value>500</value>
      </InfoItem>
      <InfoItem name="humidity">
        <value>50.8</value>
      </InfoItem>
      <InfoItem name="pir">
        <value>30</value>
      </InfoItem>
    </Object>
    <Object>
      <id>Room-164</id>
      <InfoItem name="temperature">
        <value>23.9</value>
      </InfoItem>
      <InfoItem name="co2">
        <value>800</value>
      </InfoItem>
      <InfoItem name="light">
        <value>500</value>
      </InfoItem>
      <InfoItem name="humidity">
        <value>50.9</value>
      </InfoItem>
      <InfoItem name="pir">
        <value>0</value>
      </InfoItem>
    </Object>
    <Object>
      <id>Room-165</id>
      <InfoItem name="temperature">
        <value>23.7</value>
      </InfoItem>
      <InfoItem name="co2">
        <value>800</value>
      </InfoItem>
      <InfoItem name="light">
        <value>500</value>
      </InfoItem>
      <InfoItem name="humidity">
        <value>50.7</value>
      </InfoItem>
      <InfoItem name="pir">
        <value>30</value>
      </InfoItem>
    </Object>
    <Object>
      <id>Room-166</id>
      <InfoItem name="temperature">
        <value>23.7</value>
      </InfoItem>
      <InfoItem name="co2">
        <value>800</value>
      </InfoItem>
      <InfoItem name="light">
        <value>500</value>
      </InfoItem>
      <InfoItem name="humidity">
        <value>50.9</value>
      </InfoItem>
      <InfoItem name="pir">
        <value>30</value>
      </InfoItem>
    </Object>
    <Object>
      <id>Room-167</id>
      <InfoItem name="temperature">
        <value>23.5</value>
      </InfoItem>
      <InfoItem name="co2">
        <value>800</value>
      </InfoItem>
      <InfoItem name="light">
        <value>500</value>
      </InfoItem>
      <InfoItem name="humidity">
        <value>50.5</value>
      </InfoItem>
      <InfoItem name="pir">
        <value>30</value>
      </InfoItem>
    </Object>
    <Object>
      <id>Room-168</id>
      <InfoItem name="temperature">
        <value>23.2</value>
      </InfoItem>
      <InfoItem name="co2">
        <value>800</value>
      </InfoItem>
      <InfoItem name="light">
        <value>500</value>
      </InfoItem>
      <InfoItem name="humidity">
        <value>50.5</value>
      </InfoItem>
      <InfoItem name="pir">
        <value>30</value>
      </InfoItem>
    </Object>
    <Object>
      <id>Room-169</id>
      <InfoItem name="temperature">
        <value>23.8</value>
      </InfoItem>
      <InfoItem name="co2">
        <value>800</value>
      </InfoItem>
      <InfoItem name="light">
        <value>500</value>
      </InfoItem>
      <InfoItem name="humidity">
        <value>50.7</value>
      </InfoItem>
      <InfoItem name="pir">
        <value>0</value>
      </InfoItem>
    </Object>
    <Object>
      <id>Room-170</id>
      <InfoItem name="temperature">
        <value>23.2</value>
      </InfoItem>
      <InfoItem name="co2">
        <value>800</value>
      </InfoItem>
      <InfoItem name="light">
        <value>500</value>
      </InfoItem>
      <InfoItem name="humidity">
        <value>50.6</value>
      </InfoItem>
      <InfoItem name="pir">
        <value>0</value>
      </InfoItem>
    </Object>
    <Object>
      <id>Room-201</id>
      <InfoItem name="temperature">
        <value>23.7</value>
      </InfoItem>
      <InfoItem name="co2">
        <value>800</value>
      </InfoItem>
      <InfoItem name="light">
        <value>500</value>
      </InfoItem>
      <InfoItem name="humidity">
        <value>50.3</value>
      </InfoItem>
      <InfoItem name="pir">
        <value>30</value>
      </InfoItem>
    </Object>
    <Object>
      <id>Room-202</id>
      <InfoItem name="temperature">
        <value>23.3</value>
      </InfoItem>
      <InfoItem name="co2">
        <value>800</value>
      </InfoItem>
      <InfoItem name="light">
        <value>500</value>
      </InfoItem>
      <InfoItem name="humidity">
        <value>50.3</value>
      </InfoItem>
      <InfoItem name="pir">
        <value>0</value>
      </InfoItem>
    </Object>
    <Object>
      <id>Room-203</id>
      <InfoItem name="temperature">
        <value>23.5</value>
      </InfoItem>
      <InfoItem name="co2">
        <value>800</value>
      </InfoItem>
      <InfoItem name="light">
        <value>500</value>
      </InfoItem>
      <InfoItem name="humidity">
        <value>50</value>
      </InfoItem>
      <InfoItem name="pir">
        <value>0</value>
      </InfoItem>
    </Object>
    <Object>
      <id>Room-204</id>
      <InfoItem name="temperature">
        <value>23.2</value>
      </InfoItem>
      <InfoItem name="co2">
        <value>800</value>
      </InfoItem>
      <InfoItem name="light">
        <value>500</value>
      </InfoItem>
      <InfoItem name="humidity">
        <value>50.8</value>
      </InfoItem>
      <InfoItem name="pir">
        <value>30</value>
      </InfoItem>
    </Object>
    <Object>
      <id>Room-205</id>
      <InfoItem name="temperature">
        <value>23</value>
      </InfoItem>
      <InfoItem name="co2">
        <value>800</value>
      </InfoItem>
      <InfoItem name="light">
        <value>500</value>
      </InfoItem>
      <InfoItem name="humidity">
        <value>50.5</value>
      </InfoItem>
      <InfoItem name="pir">
        <value>30</value>
      </InfoItem>
    </Object>
    <Object>
      <id>Room-206</id>
      <InfoItem name="temperature">
        <value>23.4</value>
      </InfoItem>
      <InfoItem name="co2">
        <value>800</value>
      </InfoItem>
      <InfoItem name="light">
        <value>500</value>
      </InfoItem>
      <InfoItem name="humidity">
        <value>50.6</value>
      </InfoItem>
      <InfoItem name="pir">
        <value>30</value>
      </InfoItem>
    </Object>
    <Object>
      <id>Room-207</id>
      <InfoItem name="temperature">
        <value>23.3</value>
      </InfoItem>
      <InfoItem name="co2">
        <value>800</value>
      </InfoItem>
      <InfoItem name="light">
        <value>500</value>
      </InfoItem>
      <InfoItem name="humidity">
        <value>50.8</value>
      </InfoItem>
      <InfoItem name="pir">
        <value>0</value>
      </InfoItem>
    </Object>
    <Object>
      <id>Room-208</id>
      <InfoItem name="temperature">
        <value>23.6</value>
      </InfoItem>
      <InfoItem name="co2">
        <value>800</value>
      </InfoItem>
      <InfoItem name="light">
        <value>500</value>
      </InfoItem>
      <InfoItem name="humidity">
        <value>50.6</value>
      </InfoItem>
      <InfoItem name="pir">
        <value>30</value>
      </InfoItem>
    </Object>
    <Object>
      <id>Room-209</id>
      <InfoItem name="temperature">
        <value>23.2</value>
      </InfoItem>
      <InfoItem name="co2">
        <value>800</value>
      </InfoItem>
      <InfoItem name="light">
        <value>500</value>
      </InfoItem>
      <InfoItem name="humidity">
        <value>50.9</value>
      </InfoItem>
      <InfoItem name="pir">
        <value>0</value>
      </InfoItem>
    </Object>
    <Object>
      <id>Room-210</id>
      <InfoItem name="temperature">
        <value>23</value>
      </InfoItem>
      <InfoItem name="co2">
        <value>800</value>
      </InfoItem>
      <InfoItem name="light">
        <value>500</value>
      </InfoItem>
      <InfoItem name="humidity">
        <value>50</value>
      </InfoItem>
      <InfoItem name="pir">
        <value>30</value>
      </InfoItem>
    </Object>
    <Object>
      <id>Room-211</id>
      <InfoItem name="temperature">
        <value>23.7</value>
      </InfoItem>
      <InfoItem name="co2">
        <value>800</value>
      </InfoItem>
      <InfoItem name="light">
        <value>500</value>
      </InfoItem>
      <InfoItem name="humidity">
        <value>50</value>
      </InfoItem>
      <InfoItem name="pir">
        <value>30</value>
      </InfoItem>
    </Object>
    <Object>
      <id>Room-212</id>
      <InfoItem name="temperature">
        <value>23.5</value>
      </InfoItem>
      <InfoItem name="co2">
        <value>800</value>
      </InfoItem>
      <InfoItem name="light">
        <value>500</value>
      </InfoItem>
      <InfoItem name="humidity">
        <value>50.6</value>
      </InfoItem>
      <InfoItem name="pir">
        <value>0</value>
      </InfoItem>
    </Object>
    <Object>
      <id>Room-213</id>
      <InfoItem name="temperature">
        <value>23.1</value>
      </InfoItem>
      <InfoItem name="co2">
        <value>800</value>
      </InfoItem>
      <InfoItem name="light">
        <value>500</value>
      </InfoItem>
      <InfoItem name="humidity">
        <value>50.2</value>
      </InfoItem>
      <InfoItem name="pir">
        <value>0</value>
      </InfoItem>
    </Object>
    <Object>
      <id>Room-214</id>
      <InfoItem name="temperature">
        <value>23.9</value>
      </InfoItem>
      <InfoItem name="co2">
        <value>800</value>
      </InfoItem>
      <InfoItem name="light">
        <value>500</value>
      </InfoItem>
      <InfoItem name="humidity">
        <value>50.1</value>
      </InfoItem>
      <InfoItem name="pir">
        <value>30</value>
      </InfoItem>
    </Object>
    <Object>
      <id>Room-215</id>
      <InfoItem name="temperature">
        <value>23.9</value>
      </InfoItem>
      <InfoItem name="co2">
        <value>800</value>
      </InfoItem>
      <InfoItem name="light">
        <value>500</value>
      </InfoItem>
      <InfoItem name="humidity">
        <value>50.4</value>
      </InfoItem>
      <InfoItem name="pir">
        <value>30</value>
      </InfoItem>
    </Object>
    <Object>
      <id>Room-216</id>
      <InfoItem name="temperature">
        <value>23.9</value>
      </InfoItem>
      <InfoItem name="co2">
        <value>800</value>
      </InfoItem>
      <InfoItem name="light">
        <value>500</value>
      </InfoItem>
      <InfoItem name="humidity">
        <value>50.3</value>
      </InfoItem>
      <InfoItem name="pir">
        <value>0</value>
      </InfoItem>
    </Object>
    <Object>
      <id>Room-217</id>
      <InfoItem name="temperature">
        <value>23.4</value>
      </InfoItem>
      <InfoItem name="co2">
        <value>800</value>
      </InfoItem>
      <InfoItem name="light">
        <value>500</value>
      </InfoItem>
      <InfoItem name="humidity">
        <value>50.1</value>
      </InfoItem>
      <InfoItem name="pir">
        <value>30</value>
      </InfoItem>
    </Object>
    <Object>
      <id>Room-218</id>
      <InfoItem name="temperature">
        <value>23.9</value>
      </InfoItem>
      <InfoItem name="co2">
        <value>800</value>
      </InfoItem>
      <InfoItem name="light">
        <value>500</value>
      </InfoItem>
      <InfoItem name="humidity">
        <value>50.7</value>
      </InfoItem>
      <InfoItem name="pir">
        <value>0</value>
      </InfoItem>
    </Object>
    <Object>
      <id>Room-219</id>
      <InfoItem name="temperature">
        <value>23.7</value>
      </InfoItem>
      <InfoItem name="co2">
        <value>800</value>
      </InfoItem>
      <InfoItem name="light">
        <value>500</value>
      </InfoItem>
      <InfoItem name="humidity">
        <value>50.1</value>
      </InfoItem>
      <InfoItem name="pir">
        <value>0</value>
      </InfoItem>
    </Object>
    <Object>
      <id>Room-220</id>
      <InfoItem name="temperature">
        <value>23.8</value>
      </InfoItem>
      <InfoItem name="co2">
        <value>800</value>
      </InfoItem>
      <InfoItem name="light">
        <value>500</value>
      </InfoItem>
      <InfoItem name="humidity">
        <value>50.9</value>
      </InfoItem>
      <InfoItem name="pir">
        <value>0</value>
      </InfoItem>
    </Object>
    <Object>
      <id>Room-221</id>
      <InfoItem name="temperature">
        <value>23.6</value>
      </InfoItem>
      <InfoItem name="co2">
        <value>800</value>
      </InfoItem>
      <InfoItem name="light">
        <value>500</value>
      </InfoItem>
      <InfoItem name="humidity">
        <value>50.5</value>
      </InfoItem>
      <InfoItem name="pir">
        <value>0</value>
      </InfoItem>
    </Object>
    <Object>
      <id>Room-222</id>
      <InfoItem name="temperature">
        <value>23.8</value>
      </InfoItem>
      <InfoItem name="co2">
        <value>800</value>
      </InfoItem>
      <InfoItem name="light">
        <value>500</value>
      </InfoItem>
      <InfoItem name="humidity">
        <value>50.3</value>
      </InfoItem>
      <InfoItem name="pir">
        <value>0</value>
      </InfoItem>
    </Object>
    <Object>
      <id>Room-223</id>
      <InfoItem name="temperature">
        <value>23.6</value>
      </InfoItem>
      <InfoItem name="co2">
        <value>800</value>
      </InfoItem>
      <InfoItem name="light">
        <value>500</value>
      </InfoItem>
      <InfoItem name="humidity">
        <value>50.7</value>
      </InfoItem>
      <InfoItem name="pir">
        <value>0</value>
      </InfoItem>
    </Object>
    <Object>
      <id>Room-224</id>
      <InfoItem name="temperature">
        <value>23.7</value>
      </InfoItem>
      <InfoItem name="co2">
        <value>800</value>
      </InfoItem>
      <InfoItem name="light">
        <value>500</value>
      </InfoItem>
      <InfoItem name="humidity">
        <value>50.1</value>
      </InfoItem>
      <InfoItem name="pir">
        <value>0</value>
      </InfoItem>
    </Object>
    <Object>
      <id>Room-225</id>
      <InfoItem name="temperature">
        <value>23.5</value>
      </InfoItem>
      <InfoItem name="co2">
        <value>800</value>
      </InfoItem>
      <InfoItem name="light">
        <value>500</value>
      </InfoItem>
      <InfoItem name="humidity">
        <value>50.9</value>
      </InfoItem>
      <InfoItem name="pir">
        <value>30</value>
      </InfoItem>
    </Object>
    <Object>
      <id>Room-226</id>
      <InfoItem name="temperature">
        <value>23.1</value>
      </InfoItem>
      <InfoItem name="co2">
        <value>800</value>
      </InfoItem>
      <InfoItem name="light">
        <value>500</value>
      </InfoItem>
      <InfoItem name="humidity">
        <value>50.9</value>
      </InfoItem>
      <InfoItem name="pir">
        <value>30</value>
      </InfoItem>
    </Object>
    <Object>
      <id>Room-227</id>
      <InfoItem name="temperature">
        <value>23.7</value>
      </InfoItem>
      <InfoItem name="co2">
        <value>800</value>
      </InfoItem>
      <InfoItem name="light">
        <value>500</value>
      </InfoItem>
      <InfoItem name="humidity">
        <value>50.3</value>
      </InfoItem>
      <InfoItem name="pir">
        <value>0</value>
      </InfoItem>
    </Object>
    <Object>
      <id>Room-228</id>
      <InfoItem name="temperature">
        <value>23.3</value>
      </InfoItem>
      <InfoItem name="co2">
        <value>800</value>
      </InfoItem>
      <InfoItem name="light">
        <value>500</value>
      </InfoItem>
      <InfoItem name="humidity">
        <value>50.3</value>
      </InfoItem>
      <InfoItem name="pir">
        <value>30</value>
      </InfoItem>
    </Object>
    <Object>
      <id>Room-229</id>
      <InfoItem name="temperature">
        <value>23.6</value>
      </InfoItem>
      <InfoItem name="co2">
        <value>800</value>
      </InfoItem>
      <InfoItem name="light">
        <value>500</value>
      </InfoItem>
      <InfoItem name="humidity">
        <value>50.6</value>
      </InfoItem>
      <InfoItem name="pir">
        <value>0</value>
      </InfoItem>
    </Object>
    <Object>
      <id>Room-230</id>
      <InfoItem name="temperature">
        <value>23.5</value>
      </InfoItem>
      <InfoItem name="co2">
        <value>800</value>
      </InfoItem>
      <InfoItem name="light">
        <value>500</value>
      </InfoItem>
      <InfoItem name="humidity">
        <value>50.6</value>
      </InfoItem>
      <InfoItem name="pir">
        <value>30</value>
      </InfoItem>
    </Object>
    <Object>
      <id>Room-231</id>
      <InfoItem name="temperature">
        <value>23.8</value>
      </InfoItem>
      <InfoItem name="co2">
        <value>800</value>
      </InfoItem>
      <InfoItem name="light">
        <value>500</value>
      </InfoItem>
      <InfoItem name="humidity">
        <value>50.6</value>
      </InfoItem>
      <InfoItem name="pir">
        <value>30</value>
      </InfoItem>
    </Object>
    <Object>
      <id>Room-232</id>
      <InfoItem name="temperature">
        <value>23.2</value>
      </InfoItem>
      <InfoItem name="co2">
        <value>800</value>
      </InfoItem>
      <InfoItem name="light">
        <value>500</value>
      </InfoItem>
      <InfoItem name="humidity">
        <value>50.6</value>
      </InfoItem>
      <InfoItem name="pir">
        <value>30</value>
      </InfoItem>
    </Object>
    <Object>
      <id>Room-233</id>
      <InfoItem name="temperature">
        <value>23.3</value>
      </InfoItem>
      <InfoItem name="co2">
        <value>800</value>
      </InfoItem>
      <InfoItem name="light">
        <value>500</value>
      </InfoItem>
      <InfoItem name="humidity">
        <value>50.3</value>
      </InfoItem>
      <InfoItem name="pir">
        <value>0</value>
      </InfoItem>
    </Object>
    <Object>
      <id>Room-234</id>
      <InfoItem name="temperature">
        <value>23.3</value>
      </InfoItem>
      <InfoItem name="co2">
        <value>800</value>
      </InfoItem>
      <InfoItem name="light">
        <value>500</value>
      </InfoItem>
      <InfoItem name="humidity">
        <value>50.2</value>
      </InfoItem>
      <InfoItem name="pir">
        <value>30</value>
      </InfoItem>
    </Object>
    <Object>
      <id>Room-235</id>
      <InfoItem name="temperature">
        <value>23.8</value>
      </InfoItem>
      <InfoItem name="co2">
        <value>800</value>
      </InfoItem>
      <InfoItem name="light">
        <value>500</value>
      </InfoItem>
      <InfoItem name="humidity">
        <value>50.8</value>
      </InfoItem>
      <InfoItem name="pir">
        <value>0</value>
      </InfoItem>
    </Object>
    <Object>
      <id>Room-236</id>
      <InfoItem name="temperature">
        <value>23</value>
      </InfoItem>
      <InfoItem name="co2">
        <value>800</value>
      </InfoItem>
      <InfoItem name="light">
        <value>500</value>
      </InfoItem>
      <InfoItem name="humidity">
        <value>50.8</value>
      </InfoItem>
      <InfoItem name="pir">
        <value>0</value>
      </InfoItem>
    </Object>
    <Object>
      <id>Room-238</id>
      <InfoItem name="temperature">
        <value>23.4</value>
      </InfoItem>
      <InfoItem name="co2">
        <value>800</value>
      </InfoItem>
      <InfoItem name="light">
        <value>500</value>
      </InfoItem>
      <InfoItem name="humidity">
        <value>50</value>
      </InfoItem>
      <InfoItem name="pir">
        <value>30</value>
      </InfoItem>
    </Object>
    <Object>
      <id>Room-239</id>
      <InfoItem name="temperature">
        <value>23</value>
      </InfoItem>
      <InfoItem name="co2">
        <value>800</value>
      </InfoItem>
      <InfoItem name="light">
        <value>500</value>
      </InfoItem>
      <InfoItem name="humidity">
        <value>50.3</value>
      </InfoItem>
      <InfoItem name="pir">
        <value>30</value>
      </InfoItem>
    </Object>
    <Object>
      <id>Room-240</id>
      <InfoItem name="temperature">
        <value>23.4</value>
      </InfoItem>
      <InfoItem name="co2">
        <value>800</value>
      </InfoItem>
      <InfoItem name="light">
        <value>500</value>
      </InfoItem>
      <InfoItem name="humidity">
        <value>50.7</value>
      </InfoItem>
      <InfoItem name="pir">
        <value>30</value>
      </InfoItem>
    </Object>
    <Object>
      <id>Room-241</id>
      <InfoItem name="temperature">
        <value>23.9</value>
      </InfoItem>
      <InfoItem name="co2">
        <value>800</value>
      </InfoItem>
      <InfoItem name="light">
        <value>500</value>
      </InfoItem>
      <InfoItem name="humidity">
        <value>50.3</value>
      </InfoItem>
      <InfoItem name="pir">
        <value>30</value>
      </InfoItem>
    </Object>
    <Object>
      <id>Room-242</id>
      <InfoItem name="temperature">
        <value>23.6</value>
      </InfoItem>
      <InfoItem name="co2">
        <value>800</value>
      </InfoItem>
      <InfoItem name="light">
        <value>500</value>
      </InfoItem>
      <InfoItem name="humidity">
        <value>50.2</value>
      </InfoItem>
      <InfoItem name="pir">
        <value>30</value>
      </InfoItem>
    </Object>
    <Object>
      <id>Room-243</id>
      <InfoItem name="temperature">
        <value>23.2</value>
      </InfoItem>
      <InfoItem name="co2">
        <value>800</value>
      </InfoItem>
      <InfoItem name="light">
        <value>500</value>
      </InfoItem>
      <InfoItem name="humidity">
        <value>50.5</value>
      </InfoItem>
      <InfoItem name="pir">
        <value>30</value>
      </InfoItem>
    </Object>
    <Object>
      <id>Room-244</id>
      <InfoItem name="temperature">
        <value>23.9</value>
      </InfoItem>
      <InfoItem name="co2">
        <value>800</value>
      </InfoItem>
      <InfoItem name="light">
        <value>500</value>
      </InfoItem>
      <InfoItem name="humidity">
        <value>50.3</value>
      </InfoItem>
      <InfoItem name="pir">
        <value>30</value>
      </InfoItem>
    </Object>
    <Object>
      <id>Room-245</id>
      <InfoItem name="temperature">
        <value>23.8</value>
      </InfoItem>
      <InfoItem name="co2">
        <value>800</value>
      </InfoItem>
      <InfoItem name="light">
        <value>500</value>
      </InfoItem>
      <InfoItem name="humidity">
        <value>50.8</value>
      </InfoItem>
      <InfoItem name="pir">
        <value>30</value>
      </InfoItem>
    </Object>
    <Object>
      <id>Room-246</id>
      <InfoItem name="temperature">
        <value>23.2</value>
      </InfoItem>
      <InfoItem name="co2">
        <value>800</value>
      </InfoItem>
      <InfoItem name="light">
        <value>500</value>
      </InfoItem>
      <InfoItem name="humidity">
        <value>50</value>
      </InfoItem>
      <InfoItem name="pir">
        <value>0</value>
      </InfoItem>
    </Object>
    <Object>
      <id>Room-247</id>
      <InfoItem name="temperature">
        <value>23.4</value>
      </InfoItem>
      <InfoItem name="co2">
        <value>800</value>
      </InfoItem>
      <InfoItem name="light">
        <value>500</value>
      </InfoItem>
      <InfoItem name="humidity">
        <value>50.1</value>
      </InfoItem>
      <InfoItem name="pir">
        <value>0</value>
      </InfoItem>
    </Object>
    <Object>
      <id>Room-248</id>
      <InfoItem name="temperature">
        <value>23.6</value>
      </InfoItem>
      <InfoItem name="co2">
        <value>800</value>
      </InfoItem>
      <InfoItem name="light">
        <value>500</value>
      </InfoItem>
      <InfoItem name="humidity">
        <value>50.2</value>
      </InfoItem>
      <InfoItem name="pir">
        <value>0</value>
      </InfoItem>
    </Object>
    <Object>
      <id>Room-249</id>
      <InfoItem name="temperature">
        <value>23.2</value>
      </InfoItem>
      <InfoItem name="co2">
        <value>800</value>
      </InfoItem>
      <InfoItem name="light">
        <value>500</value>
      </InfoItem>
      <InfoItem name="humidity">
        <value>50.1</value>
      </InfoItem>
      <InfoItem name="pir">
        <value>0</value>
      </InfoItem>
    </Object>
    <Object>
      <id>Room-250</id>
      <InfoItem name="temperature">
        <value>23.2</value>
      </InfoItem>
      <InfoItem name="co2">
        <value>800</value>
      </InfoItem>
      <InfoItem name="light">
        <value>500</value>
      </InfoItem>
      <InfoItem name="humidity">
        <value>50.1</value>
      </InfoItem>
      <InfoItem name="pir">
        <value>30</value>
      </InfoItem>
    </Object>
    <Object>
      <id>Room-251</id>
      <InfoItem name="temperature">
        <value>23.6</value>
      </InfoItem>
      <InfoItem name="co2">
        <value>800</value>
      </InfoItem>
      <InfoItem name="light">
        <value>500</value>
      </InfoItem>
      <InfoItem name="humidity">
        <value>50.9</value>
      </InfoItem>
      <InfoItem name="pir">
        <value>0</value>
      </InfoItem>
    </Object>
    <Object>
      <id>Room-252</id>
      <InfoItem name="temperature">
        <value>23.1</value>
      </InfoItem>
      <InfoItem name="co2">
        <value>800</value>
      </InfoItem>
      <InfoItem name="light">
        <value>500</value>
      </InfoItem>
      <InfoItem name="humidity">
        <value>50.6</value>
      </InfoItem>
      <InfoItem name="pir">
        <value>0</value>
      </InfoItem>
    </Object>
    <Object>
      <id>Room-253</id>
      <InfoItem name="temperature">
        <value>23.8</value>
      </InfoItem>
      <InfoItem name="co2">
        <value>800</value>
      </InfoItem>
      <InfoItem name="light">
        <value>500</value>
      </InfoItem>
      <InfoItem name="humidity">
        <value>50</value>
      </InfoItem>
      <InfoItem name="pir">
        <value>30</value>
      </InfoItem>
    </Object>
    <Object>
      <id>Room-254</id>
      <InfoItem name="temperature">
        <value>23.6</value>
      </InfoItem>
      <InfoItem name="co2">
        <value>800</value>
      </InfoItem>
      <InfoItem name="light">
        <value>500</value>
      </InfoItem>
      <InfoItem name="humidity">
        <value>50.2</value>
      </InfoItem>
      <InfoItem name="pir">
        <value>0</value>
      </InfoItem>
    </Object>
    <Object>
      <id>Room-255</id>
      <InfoItem name="temperature">
        <value>23.5</value>
      </InfoItem>
      <InfoItem name="co2">
        <value>800</value>
      </InfoItem>
      <InfoItem name="light">
        <value>500</value>
      </InfoItem>
      <InfoItem name="humidity">
        <value>50.1</value>
      </InfoItem>
      <InfoItem name="pir">
        <value>0</value>
      </InfoItem>
    </Object>
    <Object>
      <id>Room-256</id>
      <InfoItem name="temperature">
        <value>23.9</value>
      </InfoItem>
      <InfoItem name="co2">
        <value>800</value>
      </InfoItem>
      <InfoItem name="light">
        <value>500</value>
      </InfoItem>
      <InfoItem name="humidity">
        <value>50.7</value>
      </InfoItem>
      <InfoItem name="pir">
        <value>0</value>
      </InfoItem>
    </Object>
    <Object>
      <id>Room-257</id>
      <InfoItem name="temperature">
        <value>23.4</value>
      </InfoItem>
      <InfoItem name="co2">
        <value>800</value>
      </InfoItem>
      <InfoItem name="light">
        <value>500</value>
      </InfoItem>
      <InfoItem name="humidity">
        <value>50.2</value>
      </InfoItem>
      <InfoItem name="pir">
        <value>30</value>
      </InfoItem>
    </Object>
    <Object>
      <id>Room-258</id>
      <InfoItem name="temperature">
        <value>23.7</value>
      </InfoItem>
      <InfoItem name="co2">
        <value>800</value>
      </InfoItem>
      <InfoItem name="light">
        <value>500</value>
      </InfoItem>
      <InfoItem name="humidity">
        <value>50.5</value>
      </InfoItem>
      <InfoItem name="pir">
        <value>0</value>
      </InfoItem>
    </Object>
    <Object>
      <id>Room-259</id>
      <InfoItem name="temperature">
        <value>23.2</value>
      </InfoItem>
      <InfoItem name="co2">
        <value>800</value>
      </InfoItem>
      <InfoItem name="light">
        <value>500</value>
      </InfoItem>
      <InfoItem name="humidity">
        <value>50.3</value>
      </InfoItem>
      <InfoItem name="pir">
        <value>0</value>
      </InfoItem>
    </Object>
    <Object>
      <id>Room-260</id>
      <InfoItem name="temperature">
        <value>23.9</value>
      </InfoItem>
      <InfoItem name="co2">
        <value>800</value>
      </InfoItem>
      <InfoItem name="light">
        <value>500</value>
      </InfoItem>
      <InfoItem name="humidity">
        <value>50</value>
      </InfoItem>
      <InfoItem name="pir">
        <value>30</value>
      </InfoItem>
    </Object>
    <Object>
      <id>Room-261</id>
      <InfoItem name="temperature">
        <value>23.3</value>
      </InfoItem>
      <InfoItem name="co2">
        <value>800</value>
      </InfoItem>
      <InfoItem name="light">
        <value>500</value>
      </InfoItem>
      <InfoItem name="humidity">
        <value>50.7</value>
      </InfoItem>
      <InfoItem name="pir">
        <value>30</value>
      </InfoItem>
    </Object>
    <Object>
      <id>Room-262</id>
      <InfoItem name="temperature">
        <value>23.5</value>
      </InfoItem>
      <InfoItem name="co2">
        <value>800</value>
      </InfoItem>
      <InfoItem name="light">
        <value>500</value>
      </InfoItem>
      <InfoItem name="humidity">
        <value>50.8</value>
      </InfoItem>
      <InfoItem name="pir">
        <value>30</value>
      </InfoItem>
    </Object>
    <Object>
      <id>Room-263</id>
      <InfoItem name="temperature">
        <value>23.8</value>
      </InfoItem>
      <InfoItem name="co2">
        <value>800</value>
      </InfoItem>
      <InfoItem name="light">
        <value>500</value>
      </InfoItem>
      <InfoItem name="humidity">
        <value>50.9</value>
      </InfoItem>
      <InfoItem name="pir">
        <value>0</value>
      </InfoItem>
    </Object>
    <Object>
      <id>Room-264</id>
      <InfoItem name="temperature">
        <value>23.7</value>
      </InfoItem>
      <InfoItem name="co2">
        <value>800</value>
      </InfoItem>
      <InfoItem name="light">
        <value>500</value>
      </InfoItem>
      <InfoItem name="humidity">
        <value>50.8</value>
      </InfoItem>
      <InfoItem name="pir">
        <value>0</value>
      </InfoItem>
    </Object>
    <Object>
      <id>Room-265</id>
      <InfoItem name="temperature">
        <value>23.2</value>
      </InfoItem>
      <InfoItem name="co2">
        <value>800</value>
      </InfoItem>
      <InfoItem name="light">
        <value>500</value>
      </InfoItem>
      <InfoItem name="humidity">
        <value>50.5</value>
      </InfoItem>
      <InfoItem name="pir">
        <value>0</value>
      </InfoItem>
    </Object>
    <Object>
      <id>Room-266</id>
      <InfoItem name="temperature">
        <value>23</value>
      </InfoItem>
      <InfoItem name="co2">
        <value>800</value>
      </InfoItem>
      <InfoItem name="light">
        <value>500</value>
      </InfoItem>
      <InfoItem name="humidity">
        <value>50.6</value>
      </InfoItem>
      <InfoItem name="pir">
        <value>30</value>
      </InfoItem>
    </Object>
    <Object>
      <id>Room-267</id>
      <InfoItem name="temperature">
        <value>23.2</value>
      </InfoItem>
      <InfoItem name="co2">
        <value>800</value>
      </InfoItem>
      <InfoItem name="light">
        <value>500</value>
      </InfoItem>
      <InfoItem name="humidity">
        <value>50.3</value>
      </InfoItem>
      <InfoItem name="pir">
        <value>30</value>
      </InfoItem>
    </Object>
    <Object>
      <id>Room-268</id>
      <InfoItem name="temperature">
        <value>23.4</value>
      </InfoItem>
      <InfoItem name="co2">
        <value>800</value>
      </InfoItem>
      <InfoItem name="light">
        <value>500</value>
      </InfoItem>
      <InfoItem name="humidity">
        <value>50.2</value>
      </InfoItem>
      <InfoItem name="pir">
        <value>0</value>
      </InfoItem>
    </Object>
    <Object>
      <id>Room-269</id>
      <InfoItem name="temperature">
        <value>23.6</value>
      </InfoItem>
      <InfoItem name="co2">
        <value>800</value>
      </InfoItem>
      <InfoItem name="light">
        <value>500</value>
      </InfoItem>
      <InfoItem name="humidity">
        <value>50.3</value>
      </InfoItem>
      <InfoItem name="pir">
        <value>0</value>
      </InfoItem>
    </Object>
    <Object>
      <id>Room-270</id>
      <InfoItem name="temperature">
        <value>23.8</value>
      </InfoItem>
      <InfoItem name="co2">
        <value>800</value>
      </InfoItem>
      <InfoItem name="light">
        <value>500</value>
      </InfoItem>
      <InfoItem name="humidity">
        <value>50.2</value>
      </InfoItem>
      <InfoItem name="pir">
        <value>0</value>
      </InfoItem>
    </Object>
    <Object>
      <id>Room-301</id>
      <InfoItem name="temperature">
        <value>23.2</value>
      </InfoItem>
      <InfoItem name="co2">
        <value>800</value>
      </InfoItem>
      <InfoItem name="light">
        <value>500</value>
      </InfoItem>
      <InfoItem name="humidity">
        <value>50.5</value>
      </InfoItem>
      <InfoItem name="pir">
        <value>0</value>
      </InfoItem>
    </Object>
    <Object>
      <id>Room-302</id>
      <InfoItem name="temperature">
        <value>23.5</value>
      </InfoItem>
      <InfoItem name="co2">
        <value>800</value>
      </InfoItem>
      <InfoItem name="light">
        <value>500</value>
      </InfoItem>
      <InfoItem name="humidity">
        <value>50.7</value>
      </InfoItem>
      <InfoItem name="pir">
        <value>0</value>
      </InfoItem>
    </Object>
    <Object>
      <id>Room-303</id>
      <InfoItem name="temperature">
        <value>23.7</value>
      </InfoItem>
      <InfoItem name="co2">
        <value>800</value>
      </InfoItem>
      <InfoItem name="light">
        <value>500</value>
      </InfoItem>
      <InfoItem name="humidity">
        <value>50.2</value>
      </InfoItem>
      <InfoItem name="pir">
        <value>0</value>
      </InfoItem>
    </Object>
    <Object>
      <id>Room-304</id>
      <InfoItem name="temperature">
        <value>23.6</value>
      </InfoItem>
      <InfoItem name="co2">
        <value>800</value>
      </InfoItem>
      <InfoItem name="light">
        <value>500</value>
      </InfoItem>
      <InfoItem name="humidity">
        <value>50</value>
      </InfoItem>
      <InfoItem name="pir">
        <value>0</value>
      </InfoItem>
    </Object>
    <Object>
      <id>Room-305</id>
      <InfoItem name="temperature">
        <value>23.8</value>
      </InfoItem>
      <InfoItem name="co2">
        <value>800</value>
      </InfoItem>
      <InfoItem name="light">
        <value>500</value>
      </InfoItem>
      <InfoItem name="humidity">
        <value>50.8</value>
      </InfoItem>
      <InfoItem name="pir">
        <value>30</value>
      </InfoItem>
    </Object>
    <Object>
      <id>Room-306</id>
      <InfoItem name="temperature">
        <value>23.6</value>
      </InfoItem>
      <InfoItem name="co2">
        <value>800</value>
      </InfoItem>
      <InfoItem name="light">
        <value>500</value>
      </InfoItem>
      <InfoItem name="humidity">
        <value>50.9</value>
      </InfoItem>
      <InfoItem name="pir">
        <value>0</value>
      </InfoItem>
    </Object>
    <Object>
      <id>Room-307</id>
      <InfoItem name="temperature">
        <value>23.1</value>
      </InfoItem>
      <InfoItem name="co2">
        <value>800</value>
      </InfoItem>
      <InfoItem name="light">
        <value>500</value>
      </InfoItem>
      <InfoItem name="humidity">
        <value>50.8</value>
      </InfoItem>
      <InfoItem name="pir">
        <value>30</value>
      </InfoItem>
    </Object>
    <Object>
      <id>Room-308</id>
      <InfoItem name="temperature">
        <value>23.1</value>
      </InfoItem>
      <InfoItem name="co2">
        <value>800</value>
      </InfoItem>
      <InfoItem name="light">
        <value>500</value>
      </InfoItem>
      <InfoItem name="humidity">
        <value>50.8</value>
      </InfoItem>
      <InfoItem name="pir">
        <value>30</value>
      </InfoItem>
    </Object>
    <Object>
      <id>Room-309</id>
      <InfoItem name="temperature">
        <value>23</value>
      </InfoItem>
      <InfoItem name="co2">
        <value>800</value>
      </InfoItem>
      <InfoItem name="light">
        <value>500</value>
      </InfoItem>
      <InfoItem name="humidity">
        <value>50</value>
      </InfoItem>
      <InfoItem name="pir">
        <value>0</value>
      </InfoItem>
    </Object>
    <Object>
      <id>Room-310</id>
      <InfoItem name="temperature">
        <value>23.2</value>
      </InfoItem>
      <InfoItem name="co2">
        <value>800</value>
      </InfoItem>
      <InfoItem name="light">
        <value>500</value>
      </InfoItem>
      <InfoItem name="humidity">
        <value>50.6</value>
      </InfoItem>
      <InfoItem name="pir">
        <value>0</value>
      </InfoItem>
    </Object>
    <Object>
      <id>Room-311</id>
      <InfoItem name="temperature">
        <value>23.8</value>
      </InfoItem>
      <InfoItem name="co2">
        <value>800</value>
      </InfoItem>
      <InfoItem name="light">
        <value>500</value>
      </InfoItem>
      <InfoItem name="humidity">
        <value>50.9</value>
      </InfoItem>
      <InfoItem name="pir">
        <value>30</value>
      </InfoItem>
    </Object>
    <Object>
      <id>Room-312</id>
      <InfoItem name="temperature">
        <value>23.2</value>
      </InfoItem>
      <InfoItem name="co2">
        <value>800</value>
      </InfoItem>
      <InfoItem name="light">
        <value>500</value>
      </InfoItem>
      <InfoItem name="humidity">
        <value>50.8</value>
      </InfoItem>
      <InfoItem name="pir">
        <value>0</value>
      </InfoItem>
    </Object>
    <Object>
      <id>Room-313</id>
      <InfoItem name="temperature">
        <value>23.3</value>
      </InfoItem>
      <InfoItem name="co2">
        <value>800</value>
      </InfoItem>
      <InfoItem name="light">
        <value>500</value>
      </InfoItem>
      <InfoItem name="humidity">
        <value>50.7</value>
      </InfoItem>
      <InfoItem name="pir">
        <value>30</value>
      </InfoItem>
    </Object>
    <Object>
      <id>Room-314</id>
      <InfoItem name="temperature">
        <value>23.9</value>
      </InfoItem>
      <InfoItem name="co2">
        <value>800</value>
      </InfoItem>
      <InfoItem name="light">
        <value>500</value>
      </InfoItem>
      <InfoItem name="humidity">
        <value>50.5</value>
      </InfoItem>
      <InfoItem name="pir">
        <value>0</value>
      </InfoItem>
    </Object>
    <Object>
      <id>Room-315</id>
      <InfoItem name="temperature">
        <value>23.4</value>
      </InfoItem>
      <InfoItem name="co2">
        <value>800</value>
      </InfoItem>
      <InfoItem name="light">
        <value>500</value>
      </InfoItem>
      <InfoItem name="humidity">
        <value>50.8</value>
      </InfoItem>
      <InfoItem name="pir">
        <value>30</value>
      </InfoItem>
    </Object>
    <Object>
      <id>Room-316</id>
      <InfoItem name="temperature">
        <value>23</value>
      </InfoItem>
      <InfoItem name="co2">
        <value>800</value>
      </InfoItem>
      <InfoItem name="light">
        <value>500</value>
      </InfoItem>
      <InfoItem name="humidity">
        <value>50.5</value>
      </InfoItem>
      <InfoItem name="pir">
        <value>0</value>
      </InfoItem>
    </Object>
    <Object>
      <id>Room-317</id>
      <InfoItem name="temperature">
        <value>23.1</value>
      </InfoItem>
      <InfoItem name="co2">
        <value>800</value>
      </InfoItem>
      <InfoItem name="light">
        <value>500</value>
      </InfoItem>
      <InfoItem name="humidity">
        <value>50.5</value>
      </InfoItem>
      <InfoItem name="pir">
        <value>30</value>
      </InfoItem>
    </Object>
    <Object>
      <id>Room-318</id>
      <InfoItem name="temperature">
        <value>23.6</value>
      </InfoItem>
      <InfoItem name="co2">
        <value>800</value>
      </InfoItem>
      <InfoItem name="light">
        <value>500</value>
      </InfoItem>
      <InfoItem name="humidity">
        <value>50.5</value>
      </InfoItem>
      <InfoItem name="pir">
        <value>0</value>
      </InfoItem>
    </Object>
    <Object>
      <id>Room-319</id>
      <InfoItem name="temperature">
        <value>23.4</value>
      </InfoItem>
      <InfoItem name="co2">
        <value>800</value>
      </InfoItem>
      <InfoItem name="light">
        <value>500</value>
      </InfoItem>
      <InfoItem name="humidity">
        <value>50.3</value>
      </InfoItem>
      <InfoItem name="pir">
        <value>0</value>
      </InfoItem>
    </Object>
    <Object>
      <id>Room-320</id>
      <InfoItem name="temperature">
        <value>23.5</value>
      </InfoItem>
      <InfoItem name="co2">
        <value>800</value>
      </InfoItem>
      <InfoItem name="light">
        <value>500</value>
      </InfoItem>
      <InfoItem name="humidity">
        <value>50.1</value>
      </InfoItem>
      <InfoItem name="pir">
        <value>30</value>
      </InfoItem>
    </Object>
    <Object>
      <id>Room-321</id>
      <InfoItem name="temperature">
        <value>23.3</value>
      </InfoItem>
      <InfoItem name="co2">
        <value>800</value>
      </InfoItem>
      <InfoItem name="light">
        <value>500</value>
      </InfoItem>
      <InfoItem name="humidity">
        <value>50</value>
      </InfoItem>
      <InfoItem name="pir">
        <value>30</value>
      </InfoItem>
    </Object>
    <Object>
      <id>Room-322</id>
      <InfoItem name="temperature">
        <value>23.6</value>
      </InfoItem>
      <InfoItem name="co2">
        <value>800</value>
      </InfoItem>
      <InfoItem name="light">
        <value>500</value>
      </InfoItem>
      <InfoItem name="humidity">
        <value>50.1</value>
      </InfoItem>
      <InfoItem name="pir">
        <value>0</value>
      </InfoItem>
    </Object>
    <Object>
      <id>Room-323</id>
      <InfoItem name="temperature">
        <value>23.7</value>
      </InfoItem>
      <InfoItem name="co2">
        <value>800</value>
      </InfoItem>
      <InfoItem name="light">
        <value>500</value>
      </InfoItem>
      <InfoItem name="humidity">
        <value>50.2</value>
      </InfoItem>
      <InfoItem name="pir">
        <value>0</value>
      </InfoItem>
    </Object>
    <Object>
      <id>Room-324</id>
      <InfoItem name="temperature">
        <value>23.9</value>
      </InfoItem>
      <InfoItem name="co2">
        <value>800</value>
      </InfoItem>
      <InfoItem name="light">
        <value>500</value>
      </InfoItem>
      <InfoItem name="humidity">
        <value>50.9</value>
      </InfoItem>
      <InfoItem name="pir">
        <value>30</value>
      </InfoItem>
    </Object>
    <Object>
      <id>Room-325</id>
      <InfoItem name="temperature">
        <value>23.6</value>
      </InfoItem>
      <InfoItem name="co2">
        <value>800</value>
      </InfoItem>
      <InfoItem name="light">
        <value>500</value>
      </InfoItem>
      <InfoItem name="humidity">
        <value>50.7</value>
      </InfoItem>
      <InfoItem name="pir">
        <value>0</value>
      </InfoItem>
    </Object>
    <Object>
      <id>Room-326</id>
      <InfoItem name="temperature">
        <value>23.8</value>
      </InfoItem>
      <InfoItem name="co2">
        <value>800</value>
      </InfoItem>
      <InfoItem name="light">
        <value>500</value>
      </InfoItem>
      <InfoItem name="humidity">
        <value>50.7</value>
      </InfoItem>
      <InfoItem name="pir">
        <value>30</value>
      </InfoItem>
    </Object>
    <Object>
      <id>Room-327</id>
      <InfoItem name="temperature">
        <value>23</value>
      </InfoItem>
      <InfoItem name="co2">
        <value>800</value>
      </InfoItem>
      <InfoItem name="light">
        <value>500</value>
      </InfoItem>
      <InfoItem name="humidity">
        <value>50.2</value>
      </InfoItem>
      <InfoItem name="pir">
        <value>30</value>
      </InfoItem>
    </Object>
    <Object>
      <id>Room-328</id>
      <InfoItem name="temperature">
        <value>23.8</value>
      </InfoItem>
      <InfoItem name="co2">
        <value>800</value>
      </InfoItem>
      <InfoItem name="light">
        <value>500</value>
      </InfoItem>
      <InfoItem name="humidity">
        <value>50.1</value>
      </InfoItem>
      <InfoItem name="pir">
        <value>30</value>
      </InfoItem>
    </Object>
    <Object>
      <id>Room-329</id>
      <InfoItem name="temperature">
        <value>23.3</value>
      </InfoItem>
      <InfoItem name="co2">
        <value>800</value>
      </InfoItem>
      <InfoItem name="light">
        <value>500</value>
      </InfoItem>
      <InfoItem name="humidity">
        <value>50.2</value>
      </InfoItem>
      <InfoItem name="pir">
        <value>0</value>
      </InfoItem>
    </Object>
    <Object>
      <id>Room-330</id>
      <InfoItem name="temperature">
        <value>23.7</value>
      </InfoItem>
      <InfoItem name="co2">
        <value>800</value>
      </InfoItem>
      <InfoItem name="light">
        <value>500</value>
      </InfoItem>
      <InfoItem name="humidity">
        <value>50.2</value>
      </InfoItem>
      <InfoItem name="pir">
        <value>0</value>
      </InfoItem>
    </Object>
    <Object>
      <id>Room-331</id>
      <InfoItem name="temperature">
        <value>23</value>
      </InfoItem>
      <InfoItem name="co2">
        <value>800</value>
      </InfoItem>
      <InfoItem name="light">
        <value>500</value>
      </InfoItem>
      <InfoItem name="humidity">
        <value>50.3</value>
      </InfoItem>
      <InfoItem name="pir">
        <value>0</value>
      </InfoItem>
    </Object>
    <Object>
      <id>Room-332</id>
      <InfoItem name="temperature">
        <value>23.7</value>
      </InfoItem>
      <InfoItem name="co2">
        <value>800</value>
      </InfoItem>
      <InfoItem name="light">
        <value>500</value>
      </InfoItem>
      <InfoItem name="humidity">
        <value>50.3</value>
      </InfoItem>
      <InfoItem name="pir">
        <value>0</value>
      </InfoItem>
    </Object>
    <Object>
      <id>Room-333</id>
      <InfoItem name="temperature">
        <value>23.4</value>
      </InfoItem>
      <InfoItem name="co2">
        <value>800</value>
      </InfoItem>
      <InfoItem name="light">
        <value>500</value>
      </InfoItem>
      <InfoItem name="humidity">
        <value>50.9</value>
      </InfoItem>
      <InfoItem name="pir">
        <value>0</value>
      </InfoItem>
    </Object>
    <Object>
      <id>Room-334</id>
      <InfoItem name="temperature">
        <value>23.8</value>
      </InfoItem>
      <InfoItem name="co2">
        <value>800</value>
      </InfoItem>
      <InfoItem name="light">
        <value>500</value>
      </InfoItem>
      <InfoItem name="humidity">
        <value>50.3</value>
      </InfoItem>
      <InfoItem name="pir">
        <value>0</value>
      </InfoItem>
    </Object>
    <Object>
      <id>Room-335</id>
      <InfoItem name="temperature">
        <value>23.1</value>
      </InfoItem>
      <InfoItem name="co2">
        <value>800</value>
      </InfoItem>
      <InfoItem name="light">
        <value>500</value>
      </InfoItem>
      <InfoItem name="humidity">
        <value>50.5</value>
      </InfoItem>
      <InfoItem name="pir">
        <value>0</value>
      </InfoItem>
    </Object>
    <Object>
      <id>Room-336</id>
      <InfoItem name="temperature">
        <value>23.2</value>
      </InfoItem>
      <InfoItem name="co2">
        <value>800</value>
      </InfoItem>
      <InfoItem name="light">
        <value>500</value>
      </InfoItem>
      <InfoItem name="humidity">
        <value>50.9</value>
      </InfoItem>
      <InfoItem name="pir">
        <value>30</value>
      </InfoItem>
    </Object>
    <Object>
      <id>Room-337</id>
      <InfoItem name="temperature">
        <value>23</value>
      </InfoItem>
      <InfoItem name="co2">
        <value>800</value>
      </InfoItem>
      <InfoItem name="light">
        <value>500</value>
      </InfoItem>
      <InfoItem name="humidity">
        <value>50.2</value>
      </InfoItem>
      <InfoItem name="pir">
        <value>30</value>
      </InfoItem>
    </Object>
    <Object>
      <id>Room-338</id>
      <InfoItem name="temperature">
        <value>23.2</value>
      </InfoItem>
      <InfoItem name="co2">
        <value>800</value>
      </InfoItem>
      <InfoItem name="light">
        <value>500</value>
      </InfoItem>
      <InfoItem name="humidity">
        <value>50.4</value>
      </InfoItem>
      <InfoItem name="pir">
        <value>30</value>
      </InfoItem>
    </Object>
    <Object>
      <id>Room-339</id>
      <InfoItem name="temperature">
        <value>23.7</value>
      </InfoItem>
      <InfoItem name="co2">
        <value>800</value>
      </InfoItem>
      <InfoItem name="light">
        <value>500</value>
      </InfoItem>
      <InfoItem name="humidity">
        <value>50.7</value>
      </InfoItem>
      <InfoItem name="pir">
        <value>30</value>
      </InfoItem>
    </Object>
    <Object>
      <id>Room-340</id>
      <InfoItem name="temperature">
        <value>23.5</value>
      </InfoItem>
      <InfoItem name="co2">
        <value>800</value>
      </InfoItem>
      <InfoItem name="light">
        <value>500</value>
      </InfoItem>
      <InfoItem name="humidity">
        <value>50.6</value>
      </InfoItem>
      <InfoItem name="pir">
        <value>30</value>
      </InfoItem>
    </Object>
    <Object>
      <id>Room-341</id>
      <InfoItem name="temperature">
        <value>23.8</value>
      </InfoItem>
      <InfoItem name="co2">
        <value>800</value>
      </InfoItem>
      <InfoItem name="light">
        <value>500</value>
      </InfoItem>
      <InfoItem name="humidity">
        <value>50.3</value>
      </InfoItem>
      <InfoItem name="pir">
        <value>0</value>
      </InfoItem>
    </Object>
    <Object>
      <id>Room-342</id>
      <InfoItem name="temperature">
        <value>23.4</value>
      </InfoItem>
      <InfoItem name="co2">
        <value>800</value>
      </InfoItem>
      <InfoItem name="light">
        <value>500</value>
      </InfoItem>
      <InfoItem name="humidity">
        <value>50.7</value>
      </InfoItem>
      <InfoItem name="pir">
        <value>0</value>
      </InfoItem>
    </Object>
    <Object>
      <id>Room-343</id>
      <InfoItem name="temperature">
        <value>23.7</value>
      </InfoItem>
      <InfoItem name="co2">
        <value>800</value>
      </InfoItem>
      <InfoItem name="light">
        <value>500</value>
      </InfoItem>
      <InfoItem name="humidity">
        <value>50.6</value>
      </InfoItem>
      <InfoItem name="pir">
        <value>0</value>
      </InfoItem>
    </Object>
    <Object>
      <id>Room-344</id>
      <InfoItem name="temperature">
        <value>23.2</value>
      </InfoItem>
      <InfoItem name="co2">
        <value>800</value>
      </InfoItem>
      <InfoItem name="light">
        <value>500</value>
      </InfoItem>
      <InfoItem name="humidity">
        <value>50.7</value>
      </InfoItem>
      <InfoItem name="pir">
        <value>30</value>
      </InfoItem>
    </Object>
    <Object>
      <id>Room-345</id>
      <InfoItem name="temperature">
        <value>23.2</value>
      </InfoItem>
      <InfoItem name="co2">
        <value>800</value>
      </InfoItem>
      <InfoItem name="light">
        <value>500</value>
      </InfoItem>
      <InfoItem name="humidity">
        <value>50.4</value>
      </InfoItem>
      <InfoItem name="pir">
        <value>0</value>
      </InfoItem>
    </Object>
    <Object>
      <id>Room-346</id>
      <InfoItem name="temperature">
        <value>23.2</value>
      </InfoItem>
      <InfoItem name="co2">
        <value>800</value>
      </InfoItem>
      <InfoItem name="light">
        <value>500</value>
      </InfoItem>
      <InfoItem name="humidity">
        <value>50.5</value>
      </InfoItem>
      <InfoItem name="pir">
        <value>30</value>
      </InfoItem>
    </Object>
    <Object>
      <id>Room-347</id>
      <InfoItem name="temperature">
        <value>23.9</value>
      </InfoItem>
      <InfoItem name="co2">
        <value>800</value>
      </InfoItem>
      <InfoItem name="light">
        <value>500</value>
      </InfoItem>
      <InfoItem name="humidity">
        <value>50.3</value>
      </InfoItem>
      <InfoItem name="pir">
        <value>0</value>
      </InfoItem>
    </Object>
    <Object>
      <id>Room-348</id>
      <InfoItem name="temperature">
        <value>23.5</value>
      </InfoItem>
      <InfoItem name="co2">
        <value>800</value>
      </InfoItem>
      <InfoItem name="light">
        <value>500</value>
      </InfoItem>
      <InfoItem name="humidity">
        <value>50.5</value>
      </InfoItem>
      <InfoItem name="pir">
        <value>30</value>
      </InfoItem>
    </Object>
    <Object>
      <id>Room-349</id>
      <InfoItem name="temperature">
        <value>23</value>
      </InfoItem>
      <InfoItem name="co2">
        <value>800</value>
      </InfoItem>
      <InfoItem name="light">
        <value>500</value>
      </InfoItem>
      <InfoItem name="humidity">
        <value>50.8</value>
      </InfoItem>
      <InfoItem name="pir">
        <value>0</value>
      </InfoItem>
    </Object>
    <Object>
      <id>Room-350</id>
      <InfoItem name="temperature">
        <value>23.9</value>
      </InfoItem>
      <InfoItem name="co2">
        <value>800</value>
      </InfoItem>
      <InfoItem name="light">
        <value>500</value>
      </InfoItem>
      <InfoItem name="humidity">
        <value>50.3</value>
      </InfoItem>
      <InfoItem name="pir">
        <value>0</value>
      </InfoItem>
    </Object>
    <Object>
      <id>Room-351</id>
      <InfoItem name="temperature">
        <value>23.4</value>
      </InfoItem>
      <InfoItem name="co2">
        <value>800</value>
      </InfoItem>
      <InfoItem name="light">
        <value>500</value>
      </InfoItem>
      <InfoItem name="humidity">
        <value>50.3</value>
      </InfoItem>
      <InfoItem name="pir">
        <value>30</value>
      </InfoItem>
    </Object>
    <Object>
      <id>Room-352</id>
      <InfoItem name="temperature">
        <value>23.3</value>
      </InfoItem>
      <InfoItem name="co2">
        <value>800</value>
      </InfoItem>
      <InfoItem name="light">
        <value>500</value>
      </InfoItem>
      <InfoItem name="humidity">
        <value>50.9</value>
      </InfoItem>
      <InfoItem name="pir">
        <value>0</value>
      </InfoItem>
    </Object>
    <Object>
      <id>Room-353</id>
      <InfoItem name="temperature">
        <value>23.9</value>
      </InfoItem>
      <InfoItem name="co2">
        <value>800</value>
      </InfoItem>
      <InfoItem name="light">
        <value>500</value>
      </InfoItem>
      <InfoItem name="humidity">
        <value>50.3</value>
      </InfoItem>
      <InfoItem name="pir">
        <value>30</value>
      </InfoItem>
    </Object>
    <Object>
      <id>Room-354</id>
      <InfoItem name="temperature">
        <value>23</value>
      </InfoItem>
      <InfoItem name="co2">
        <value>800</value>
      </InfoItem>
      <InfoItem name="light">
        <value>500</value>
      </InfoItem>
      <InfoItem name="humidity">
        <value>50.9</value>
      </InfoItem>
      <InfoItem name="pir">
        <value>0</value>
      </InfoItem>
    </Object>
    <Object>
      <id>Room-355</id>
      <InfoItem name="temperature">
        <value>23.2</value>
      </InfoItem>
      <InfoItem name="co2">
        <value>800</value>
      </InfoItem>
      <InfoItem name="light">
        <value>500</value>
      </InfoItem>
      <InfoItem name="humidity">
        <value>50.6</value>
      </InfoItem>
      <InfoItem name="pir">
        <value>30</value>
      </InfoItem>
    </Object>
    <Object>
      <id>Room-356</id>
      <InfoItem name="temperature">
        <value>23.8</value>
      </InfoItem>
      <InfoItem name="co2">
        <value>800</value>
      </InfoItem>
      <InfoItem name="light">
        <value>500</value>
      </InfoItem>
      <InfoItem name="humidity">
        <value>50.6</value>
      </InfoItem>
      <InfoItem name="pir">
        <value>30</value>
      </InfoItem>
    </Object>
    <Object>
      <id>Room-357</id>
      <InfoItem name="temperature">
        <value>23.9</value>
      </InfoItem>
      <InfoItem name="co2">
        <value>800</value>
      </InfoItem>
      <InfoItem name="light">
        <value>500</value>
      </InfoItem>
      <InfoItem name="humidity">
        <value>50.1</value>
      </InfoItem>
      <InfoItem name="pir">
        <value>0</value>
      </InfoItem>
    </Object>
    <Object>
      <id>Room-358</id>
      <InfoItem name="temperature">
        <value>23.3</value>
      </InfoItem>
      <InfoItem name="co2">
        <value>800</value>
      </InfoItem>
      <InfoItem name="light">
        <value>500</value>
      </InfoItem>
      <InfoItem name="humidity">
        <value>50.4</value>
      </InfoItem>
      <InfoItem name="pir">
        <value>0</value>
      </InfoItem>
    </Object>
    <Object>
      <id>Room-359</id>
      <InfoItem name="temperature">
        <value>23.5</value>
      </InfoItem>
      <InfoItem name="co2">
        <value>800</value>
      </InfoItem>
      <InfoItem name="light">
        <value>500</value>
      </InfoItem>
      <InfoItem name="humidity">
        <value>50.1</value>
      </InfoItem>
      <InfoItem name="pir">
        <value>0</value>
      </InfoItem>
    </Object>
    <Object>
      <id>Room-360</id>
      <InfoItem name="temperature">
        <value>23.3</value>
      </InfoItem>
      <InfoItem name="co2">
        <value>800</value>
      </InfoItem>
      <InfoItem name="light">
        <value>500</value>
      </InfoItem>
      <InfoItem name="humidity">
        <value>50.7</value>
      </InfoItem>
      <InfoItem name="pir">
        <value>30</value>
      </InfoItem>
    </Object>
    <Object>
      <id>Room-361</id>
      <InfoItem name="temperature">
        <value>23</value>
      </InfoItem>
      <InfoItem name="co2">
        <value>800</value>
      </InfoItem>
      <InfoItem name="light">
        <value>500</value>
      </InfoItem>
      <InfoItem name="humidity">
        <value>50.7</value>
      </InfoItem>
      <InfoItem name="pir">
        <value>30</value>
      </InfoItem>
    </Object>
    <Object>
      <id>Room-362</id>
      <InfoItem name="temperature">
        <value>23.4</value>
      </InfoItem>
      <InfoItem name="co2">
        <value>800</value>
      </InfoItem>
      <InfoItem name="light">
        <value>500</value>
      </InfoItem>
      <InfoItem name="humidity">
        <value>50.4</value>
      </InfoItem>
      <InfoItem name="pir">
        <value>0</value>
      </InfoItem>
    </Object>
    <Object>
      <id>Room-363</id>
      <InfoItem name="temperature">
        <value>23.9</value>
      </InfoItem>
      <InfoItem name="co2">
        <value>800</value>
      </InfoItem>
      <InfoItem name="light">
        <value>500</value>
      </InfoItem>
      <InfoItem name="humidity">
        <value>50.8</value>
      </InfoItem>
      <InfoItem name="pir">
        <value>0</value>
      </InfoItem>
    </Object>
    <Object>
      <id>Room-364</id>
      <InfoItem name="temperature">
        <value>23.4</value>
      </InfoItem>
      <InfoItem name="co2">
        <value>800</value>
      </InfoItem>
      <InfoItem name="light">
        <value>500</value>
      </InfoItem>
      <InfoItem name="humidity">
        <value>50.5</value>
      </InfoItem>
      <InfoItem name="pir">
        <value>30</value>
      </InfoItem>
    </Object>
    <Object>
      <id>Room-365</id>
      <InfoItem name="temperature">
        <value>23.6</value>
      </InfoItem>
      <InfoItem name="co2">
        <value>800</value>
      </InfoItem>
      <InfoItem name="light">
        <value>500</value>
      </InfoItem>
      <InfoItem name="humidity">
        <value>50.4</value>
      </InfoItem>
      <InfoItem name="pir">
        <value>30</value>
      </InfoItem>
    </Object>
    <Object>
      <id>Room-366</id>
      <InfoItem name="temperature">
        <value>23.9</value>
      </InfoItem>
      <InfoItem name="co2">
        <value>800</value>
      </InfoItem>
      <InfoItem name="light">
        <value>500</value>
      </InfoItem>
      <InfoItem name="humidity">
        <value>50.1</value>
      </InfoItem>
      <InfoItem name="pir">
        <value>0</value>
      </InfoItem>
    </Object>
    <Object>
      <id>Room-367</id>
      <InfoItem name="temperature">
        <value>23.5</value>
      </InfoItem>
      <InfoItem name="co2">
        <value>800</value>
      </InfoItem>
      <InfoItem name="light">
        <value>500</value>
      </InfoItem>
      <InfoItem name="humidity">
        <value>50.6</value>
      </InfoItem>
      <InfoItem name="pir">
        <value>0</value>
      </InfoItem>
    </Object>
    <Object>
      <id>Room-368</id>
      <InfoItem name="temperature">
        <value>23.7</value>
      </InfoItem>
      <InfoItem name="co2">
        <value>800</value>
      </InfoItem>
      <InfoItem name="light">
        <value>500</value>
      </InfoItem>
      <InfoItem name="humidity">
        <value>50.1</value>
      </InfoItem>
      <InfoItem name="pir">
        <value>0</value>
      </InfoItem>
    </Object>
    <Object>
      <id>Room-369</id>
      <InfoItem name="temperature">
        <value>23.4</value>
      </InfoItem>
      <InfoItem name="co2">
        <value>800</value>
      </InfoItem>
      <InfoItem name="light">
        <value>500</value>
      </InfoItem>
      <InfoItem name="humidity">
        <value>50.8</value>
      </InfoItem>
      <InfoItem name="pir">
        <value>0</value>
      </InfoItem>
    </Object>
    <Object>
      <id>Room-370</id>
      <InfoItem name="temperature">
        <value>23.6</value>
      </InfoItem>
      <InfoItem name="co2">
        <value>800</value>
      </InfoItem>
      <InfoItem name="light">
        <value>500</value>
      </InfoItem>
      <InfoItem name="humidity">
        <value>50.8</value>
      </InfoItem>
      <InfoItem name="pir">
        <value>30</value>
      </InfoItem>
    </Object>
    <Object>
      <id>2nd Floor Corridor Start</id>
      <InfoItem name="temperature">
        <value>23.3</value>
      </InfoItem>
      <InfoItem name="light">
        <value>500</value>
      </InfoItem>
      <InfoItem name="co2">
        <value>800</value>
      </InfoItem>
      <InfoItem name="humidity">
        <value>50</value>
      </InfoItem>
      <InfoItem name="pir">
        <value>0</value>
      </InfoItem>
    </Object>
    <Object>
      <id>2nd Floor Corridor Middle</id>
      <InfoItem name="temperature">
        <value>23.3</value>
      </InfoItem>
      <InfoItem name="light">
        <value>500</value>
      </InfoItem>
      <InfoItem name="co2">
        <value>800</value>
      </InfoItem>
      <InfoItem name="humidity">
        <value>50</value>
      </InfoItem>
      <InfoItem name="pir">
        <value>0</value>
      </InfoItem>
    </Object>
    <Object>
      <id>2nd Floor Corridor End</id>
      <InfoItem name="temperature">
        <value>23.3</value>
      </InfoItem>
      <InfoItem name="light">
        <value>500</value>
      </InfoItem>
      <InfoItem name="co2">
        <value>800</value>
      </InfoItem>
      <InfoItem name="humidity">
        <value>50</value>
      </InfoItem>
      <InfoItem name="pir">
        <value>0</value>
      </InfoItem>
    </Object>
    <Object>
      <id>Cafeteria</id>
      <InfoItem name="temperature">
        <value>23.7</value>
      </InfoItem>
      <InfoItem name="light">
        <value>500</value>
      </InfoItem>
      <InfoItem name="co2">
        <value>800</value>
      </InfoItem>
      <InfoItem name="humidity">
        <value>50</value>
      </InfoItem>
      <InfoItem name="pir">
        <value>30</value>
      </InfoItem>
    </Object>
    <Object>
      <id>Entrance</id>
      <InfoItem name="temperature">
        <value>23.3</value>
      </InfoItem>
      <InfoItem name="light">
        <value>500</value>
      </InfoItem>
      <InfoItem name="co2">
        <value>800</value>
      </InfoItem>
      <InfoItem name="humidity">
        <value>50</value>
      </InfoItem>
      <InfoItem name="pir">
        <value>30</value>
      </InfoItem>
    </Object>
    <Object>
      <id>Corridor Cafeteria Side</id>
      <InfoItem name="temperature">
        <value>23.3</value>
      </InfoItem>
      <InfoItem name="light">
        <value>500</value>
      </InfoItem>
      <InfoItem name="co2">
        <value>800</value>
      </InfoItem>
      <InfoItem name="humidity">
        <value>50</value>
      </InfoItem>
      <InfoItem name="pir">
        <value>30</value>
      </InfoItem>
    </Object>
    <Object>
      <id>Corridor Entrance Side</id>
      <InfoItem name="temperature">
        <value>23.3</value>
      </InfoItem>
      <InfoItem name="light">
        <value>500</value>
      </InfoItem>
      <InfoItem name="co2">
        <value>800</value>
      </InfoItem>
      <InfoItem name="humidity">
        <value>50</value>
      </InfoItem>
      <InfoItem name="pir">
        <value>30</value>
      </InfoItem>
    </Object>
    <Object>
      <id>Room-237c</id>
      <InfoItem name="temperature">
        <value>23.1</value>
      </InfoItem>
      <InfoItem name="co2">
        <value>800</value>
      </InfoItem>
      <InfoItem name="light">
        <value>500</value>
      </InfoItem>
      <InfoItem name="humidity">
        <value>50.4</value>
      </InfoItem>
      <InfoItem name="pir">
        <value>0</value>
      </InfoItem>
    </Object>
  </Object>
</Objects>
